1,Emilia,Kucharczyk
2,Olaf,Varnsdorf
3,Łukasz,Boruc
4,Fabian,Piotrowski
5,Urszula,Kaczmarek
6,Fabian,Tomaszewski
7,Adrian,Sabat
8,Zuzanna,Zbrożyna
9,Adam,Coman
10,Weronika,Sikora
11,Krystian,Sadaj
12,Krystian,Krychowiak
13,Barbara,Szewczyk
14,Kamil,Iwan
15,Mariusz,Nowicki
16,Urszula,Krychowiak
17,Adrian,Ostrowski
18,Radosław,Walczak
19,Ewelina,Nowakowski
20,Alicja,Peszko
21,Lidia,Berg
22,Beata,Sandomierski
23,Stefan,Zbrożyna
24,Hubert,Wojciechowski
25,Zuzanna,Zbrożyna
26,Emilia,Walczak
27,Monika,Coman
28,Ryszard,Kucharczyk
29,Fabian,Piotrowski
30,Fabian,Kucharczyk
31,Ola,Olszewski
32,Eryk,Nowak
33,Henryk,Wrona
34,Tadeusz,Berg
35,Paulina,Wrona
36,Kacper,Coman
37,Igor,Walczak
38,Borys,Peszko
39,Patryk,Fabiański
40,Olaf,Nowicki
41,Jacek,Olszewski
42,Beata,Cionek
43,Barbara,Nowakowski
44,Kinga,Walczak
45,Renata,Michniewicz
46,Ola,Zieliński
47,Karolina,Kosecki
48,Urszula,Smith
49,John,Majewski
50,Adam,Adamczyk
51,Iza,Jaworski
52,Barbara,Szewczyk
53,Robert,Sikora
54,Ludwik,Pietrzak
55,Karol,Sandomierski
56,Celina,Kucharczyk
57,Radosław,Krawczyk
58,Damian,Marciniak
59,Ryszard,Baran
60,Emilia,Marciniak
61,Nikola,Sikora
62,Dominik,Piast
63,Stefan,Walczak
64,Weronika,Michniewicz
65,Patryk,Krychowiak
66,John,Guardiola
67,Zbigniew,Kosecki
68,Karolina,Kwiatkowski
69,Fabian,Marciniak
70,Dagmara,Ronaldo
71,Klaudia,Kaczmarek
72,Paulina,Witkowski
73,Barbara,Michniewicz
74,Ewelina,Miodulski
75,Olaf,Kowalski
76,Monika,Szewczyk
77,Dominik,Guardiola
78,Piotr,Pietrzak
79,Jacek,Rutkowski
80,John,Krychowiak
81,Ludwik,Michniewicz
82,Emilia,Pawlak
83,Tadeusz,Nowicki
84,Zuzanna,Zbrożyna
85,Anna,Smith
86,Renata,Coman
87,Tadeusz,Peszko
88,Edyta,Cionek
89,Jacek,Krawczyk
90,Alicja,Olszewski
91,Urszula,Walczak
92,Ola,Majewski
93,Adrian,Nowakowski
94,Maciej,Olszewski
95,Dariusz,Tomaszewski
96,Radosław,Gikiewicz
97,Henryk,Kowalski
98,Iza,Kosecki
99,Krzysztof,Wieczorek
100,Anita,Michalski
101,Jan,Varnsdorf
102,Krystian,Tomaszewski
103,Iga,Michalak
104,Agata,Michniewicz
105,Franciszek,Zbrożyna
106,Ryszard,Ostrowski
107,Robert,Krawczyk
108,Szymon,Piast
109,Robert,Nowicki
110,Maciej,Krawczyk
111,Igor,Fabiański
112,Gabriel,Nowak
113,Bartosz,Michniewicz
114,Fabian,Smith
115,Zuzanna,Krywko
116,Urszula,Ronaldo
117,Dagmara,Michalski
118,Łukasz,Nowakowski
119,Bartosz,Varnsdorf
120,Jacek,Kaczmarek
121,Gabriel,Kaczmarek
122,Ignacy,Michalski
123,Ola,Kosecki
124,Krystian,Sikora
125,Krystian,Witkowski
126,Fabian,Salomon
127,Kamil,Guardiola
128,Radosław,Wrona
129,Klaudia,Ostrowski
130,Olaf,Majewski
131,Daniel,Peszko
132,Franciszek,Berg
133,Lidia,Piast
134,Aneta,Adamczyk
135,Celina,Pietrzak
136,Karolina,Salomon
137,Anna,Nowicki
138,Kamil,Miodulski
139,Daniel,Michalski
140,Adam,Walczak
141,Borys,Kosecki
142,Jacek,Berg
143,Nikola,Marciniak
144,Zbigniew,Varnsdorf
145,Zuzanna,Witkowski
146,Maciej,Kaczmarek
147,Hubert,Lewandowski
148,Barbara,Majewski
149,Jolanta,Krychowiak
150,Adam,Rutkowski
151,Anita,Smith
152,Iza,Piast
153,Martyna,Michalski
154,Damian,Wojciechowski
155,Daniel,Peszko
156,Karolina,Kwiatkowski
157,Henryk,Krychowiak
158,Kinga,Krywko
159,Mariusz,Szewczyk
160,Jan,Nowakowski
161,Ola,Krywko
162,Beata,Berg
163,Tadeusz,Wieczorek
164,Ewelina,Wrona
165,Zoe,Olszewski
166,Zoe,Walczak
167,Magda,Lewandowski
168,Iga,Sandomierski
169,Dominik,Michniewicz
170,Krystian,Miodulski
171,Daniel,Kucharczyk
172,Franciszek,Nowicki
173,Agata,Nowicki
174,Karolina,Michniewicz
175,Agata,Nowak
176,Weronika,Zieliński
177,Ola,Wojciechowski
178,Tadeusz,Szewczyk
179,Nikola,Guardiola
180,Dariusz,Boruc
181,Szymon,Ferguson
182,Cyprian,Kwiatkowski
183,Dorota,Witkowski
184,Radosław,Malinowski
185,Tadeusz,Sabat
186,Mariusz,Sadaj
187,Damian,Fabiański
188,Lidia,Ostrowski
189,Adrian,Peszko
190,Barbara,Varnsdorf
191,Monika,Marciniak
192,Marian,Michniewicz
193,Patryk,Miodulski
194,Gabriela,Piotrowski
195,Cyprian,Krychowiak
196,Renata,Michalski
197,Beata,Olszewski
198,Iza,Nowak
199,Radosław,Pawlak
200,Zoe,Kucharczyk
201,Stefan,Kowalczyk
202,Mariusz,Iwan
203,Stefan,Kucharczyk
204,Ignacy,Peszko
205,Ewelina,Piotrowski
206,Zuzanna,Mazur
207,Krzysztof,Kosecki
208,Cyprian,Piast
209,Hubert,Michniewicz
210,Dorota,Cionek
211,Łukasz,Coman
212,Iga,Ostrowski
213,Patrycja,Pawlak
214,Damian,Salomon
215,Maciej,Guardiola
216,Monika,Michalski
217,Alek,Coman
218,Martyna,Wieczorek
219,Barbara,Pietrzak
220,Henryk,Mazur
221,Henryk,Witkowski
222,Alek,Nowakowski
223,Szymon,Pietrzak
224,Ryszard,Tomaszewski
225,Franciszek,Kucharczyk
226,Patryk,Jankowski
227,Bartosz,Ostrowski
228,Marian,Sabat
229,Cezary,Kowalski
230,Lidia,Rutkowski
231,Nikola,Jankowski
232,Urszula,Krawczyk
233,Karol,Jankowski
234,Monika,Mazur
235,Monika,Guardiola
236,Zbigniew,Pietrzak
237,Roman,Ferguson
238,Daniela,Cionek
239,Ludwik,Michalak
240,Monika,Witkowski
241,Dominik,Olszewski
242,Roman,Krywko
243,Karol,Kosecki
244,Mariusz,Kucharczyk
245,Nikola,Kowalski
246,Ignacy,Mazur
247,Beata,Kowalczyk
248,Jolanta,Miodulski
249,Radosław,Wieczorek
250,Arkadiusz,Kosecki
251,Bartosz,Pawlak
252,Ryszard,Szewczyk
253,Szymon,Miodulski
254,Gabriel,Varnsdorf
255,Krystian,Kosecki
256,Martyna,Kaczmarek
257,Aneta,Sandomierski
258,Robert,Ferguson
259,Zoe,Rutkowski
260,Ola,Ostrowski
261,Olaf,Sikora
262,Emilia,Szewczyk
263,Zuzanna,Baran
264,Robert,Wrona
265,Karolina,Pawlak
266,Weronika,Kowalczyk
267,Klaudia,Salomon
268,Maciej,Sadaj
269,Gabriel,Majewski
270,Roman,Krawczyk
271,Jan,Pietrzak
272,Damian,Malinowski
273,Ignacy,Majewski
274,Roman,Kwiatkowski
275,Ryszard,Rutkowski
276,Damian,Sikora
277,Monika,Walczak
278,Ryszard,Baran
279,Igor,Lewandowski
280,Patrycja,Krywko
281,Urszula,Adamczyk
282,Damian,Varnsdorf
283,Damian,Krywko
284,Arkadiusz,Krychowiak
285,Igor,Kowalczyk
286,Hubert,Krywko
287,Beata,Wieczorek
288,Krzysztof,Salomon
289,Borys,Marciniak
290,Dominik,Fabiański
291,Fabian,Mazur
292,Piotr,Zieliński
293,John,Krychowiak
294,Martyna,Nowicki
295,Szymon,Rutkowski
296,Patrycja,Nowakowski
297,Gabriel,Szczęsny
298,Magda,Ferguson
299,Ewelina,Salomon
300,Jacek,Adamczyk
301,Kamil,Krychowiak
302,Alicja,Olszewski
303,Aneta,Pawlak
304,Hubert,Witkowski
305,Jan,Walczak
306,Krzysztof,Sabat
307,Alicja,Walczak
308,Celina,Marciniak
309,Krzysztof,Salomon
310,Dominik,Grosicki
311,Dagmara,Malinowski
312,Mariusz,Adamczyk
313,Zuzanna,Rutkowski
314,Kamil,Sikora
315,Renata,Nowicki
316,Kinga,Adamczyk
317,Nikola,Nowak
318,Aneta,Michalak
319,Daniela,Michalski
320,Ignacy,Grosicki
321,Klaudia,Mazur
322,Beata,Kaczmarek
323,Paulina,Wrona
324,Zuzanna,Zieliński
325,Daniela,Olszewski
326,Zbigniew,Varnsdorf
327,Karol,Olszewski
328,Borys,Walczak
329,Borys,Szczęsny
330,Krystian,Mazur
331,Barbara,Wieczorek
332,Martyna,Marciniak
333,Ludwik,Cionek
334,Szymon,Adamczyk
335,Henryk,Nowakowski
336,Franciszek,Michalak
337,Kacper,Kowalski
338,Hubert,Piotrowski
339,Gabriela,Berg
340,Zbigniew,Michalak
341,Agata,Fabiański
342,Maciej,Kwiatkowski
343,Radosław,Iwan
344,Fabian,Sandomierski
345,Emilia,Wrona
346,Robert,Kucharczyk
347,Kamil,Guardiola
348,Adam,Witkowski
349,Jolanta,Zbrożyna
350,Jolanta,Lewandowski
351,Klaudia,Michniewicz
352,Ludwik,Ronaldo
353,Patryk,Kosecki
354,Krzysztof,Wieczorek
355,Jacek,Grosicki
356,Lidia,Kaczmarek
357,Szymon,Walczak
358,Fabian,Jaworski
359,Mariusz,Ostrowski
360,Fabian,Ronaldo
361,Klaudia,Tomaszewski
362,Borys,Wieczorek
363,Damian,Tomaszewski
364,Maciej,Salomon
365,Cezary,Smith
366,Alicja,Sadaj
367,Henryk,Jankowski
368,Radosław,Varnsdorf
369,Renata,Berg
370,Renata,Michalak
371,Patryk,Kucharczyk
372,Weronika,Olszewski
373,Lidia,Miodulski
374,Alicja,Michniewicz
375,Ignacy,Nowakowski
376,Cezary,Kowalski
377,Karol,Coman
378,Adam,Gikiewicz
379,Ignacy,Wieczorek
380,Lidia,Kowalczyk
381,Ludwik,Marciniak
382,Damian,Boruc
383,Cezary,Berg
384,Jolanta,Mazur
385,Ewelina,Adamczyk
386,Weronika,Tomaszewski
387,Monika,Zieliński
388,Dariusz,Jankowski
389,Franciszek,Boruc
390,Jacek,Boruc
391,Aneta,Iwan
392,Dagmara,Guardiola
393,Barbara,Iwan
394,Zbigniew,Fabiański
395,Krzysztof,Iwan
396,Nikola,Sandomierski
397,Gabriel,Michniewicz
398,Eryk,Krawczyk
399,Ludwik,Cionek
400,Celina,Salomon
401,Fabian,Michalak
402,Franciszek,Smith
403,Radosław,Wrona
404,Ewelina,Sabat
405,Iza,Sikora
406,Emilia,Lewandowski
407,Adrian,Berg
408,Ignacy,Zbrożyna
409,Alek,Gikiewicz
410,Robert,Olszewski
411,Lidia,Krychowiak
412,Edyta,Jankowski
413,Monika,Krawczyk
414,John,Lewandowski
415,Kacper,Nowicki
416,Bartosz,Salomon
417,Kamil,Kucharczyk
418,Kamil,Piast
419,Karol,Peszko
420,John,Kaczmarek
421,Ludwik,Nowakowski
422,Patryk,Salomon
423,Daniel,Olszewski
424,Ola,Sadaj
425,Dagmara,Pawlak
426,Daniela,Iwan
427,Piotr,Nowakowski
428,John,Sikora
429,Krystian,Mazur
430,Daniel,Peszko
431,Gabriel,Piast
432,Roman,Mazur
433,Cyprian,Kaczmarek
434,Fabian,Krawczyk
435,Łukasz,Nowicki
436,Adam,Szewczyk
437,Krzysztof,Marciniak
438,Adrian,Baran
439,Daniela,Olszewski
440,Anna,Smith
441,Paulina,Zbrożyna
442,Maciej,Sabat
443,Gabriel,Kosecki
444,Celina,Peszko
445,Franciszek,Wojciechowski
446,Renata,Zbrożyna
447,Martyna,Krychowiak
448,Łukasz,Michniewicz
449,Cyprian,Tomaszewski
450,Piotr,Sandomierski
451,Bartosz,Ronaldo
452,Szymon,Kwiatkowski
453,Adrian,Rutkowski
454,Urszula,Majewski
455,Hubert,Michniewicz
456,Ryszard,Sabat
457,Weronika,Sikora
458,Jolanta,Varnsdorf
459,Krystian,Jankowski
460,Lidia,Piast
461,Eryk,Baran
462,Igor,Nowakowski
463,Roman,Szewczyk
464,Karolina,Witkowski
465,Eryk,Piotrowski
466,Radosław,Marciniak
467,Iza,Wieczorek
468,Daniel,Nowak
469,Łukasz,Adamczyk
470,Cyprian,Baran
471,Kamil,Kowalczyk
472,Iga,Varnsdorf
473,Patryk,Boruc
474,Bartosz,Cionek
475,Ludwik,Wieczorek
476,Szymon,Sikora
477,Iza,Walczak
478,Mariusz,Cionek
479,Renata,Malinowski
480,Patryk,Kaczmarek
481,Daniel,Mazur
482,Martyna,Cionek
483,Tadeusz,Guardiola
484,Piotr,Cionek
485,Jan,Rutkowski
486,Robert,Fabiański
487,Emilia,Malinowski
488,Gabriela,Ronaldo
489,Damian,Wieczorek
490,Magda,Mazur
491,Radosław,Nowakowski
492,Zbigniew,Jankowski
493,Dominik,Nowakowski
494,Ryszard,Guardiola
495,Adrian,Kaczmarek
496,Ryszard,Zbrożyna
497,Gabriela,Majewski
498,Hubert,Miodulski
499,Ludwik,Smith
500,Klaudia,Walczak
501,Dariusz,Ronaldo
502,Robert,Kaczmarek
503,Beata,Sikora
504,Borys,Pietrzak
505,Stefan,Pawlak
506,Tadeusz,Lewandowski
507,Robert,Witkowski
508,Stefan,Peszko
509,Urszula,Ferguson
510,Ludwik,Szczęsny
511,Nikola,Varnsdorf
512,Karol,Krychowiak
513,Patrycja,Wieczorek
514,Dariusz,Peszko
515,Renata,Mazur
516,Łukasz,Piotrowski
517,Łukasz,Kucharczyk
518,Gabriela,Walczak
519,Daniela,Peszko
520,Krystian,Majewski
521,Gabriela,Baran
522,Jan,Krychowiak
523,Radosław,Wojciechowski
524,Franciszek,Pawlak
525,Dominik,Krawczyk
526,Robert,Nowak
527,Weronika,Wieczorek
528,Zbigniew,Grosicki
529,Arkadiusz,Ronaldo
530,Agata,Sadaj
531,Marian,Michniewicz
532,Gabriel,Nowicki
533,Ludwik,Kowalski
534,Edyta,Kowalski
535,Henryk,Kwiatkowski
536,Urszula,Olszewski
537,Olaf,Kosecki
538,Nikola,Ronaldo
539,Aneta,Tomaszewski
540,Magda,Lewandowski
541,Łukasz,Kucharczyk
542,Łukasz,Mazur
543,Henryk,Sadaj
544,Bartosz,Lewandowski
545,Jan,Michalak
546,Nikola,Piotrowski
547,Dariusz,Malinowski
548,Bartosz,Piotrowski
549,Renata,Michalak
550,Ignacy,Tomaszewski
551,Gabriel,Jaworski
552,Renata,Nowak
553,Monika,Szewczyk
554,Ludwik,Salomon
555,Patryk,Krawczyk
556,Daniel,Pietrzak
557,Olaf,Marciniak
558,Wiktoria,Boruc
559,Borys,Ronaldo
560,Kinga,Kwiatkowski
561,Karol,Adamczyk
562,Patryk,Michalak
563,Łukasz,Boruc
564,Gabriela,Michniewicz
565,Adrian,Boruc
566,Mariusz,Adamczyk
567,Iza,Witkowski
568,Cezary,Zieliński
569,Hubert,Peszko
570,Krzysztof,Peszko
571,Iza,Walczak
572,Franciszek,Kucharczyk
573,Krystian,Ostrowski
574,Henryk,Ronaldo
575,Klaudia,Szewczyk
576,Łukasz,Krywko
577,Zoe,Sabat
578,Mariusz,Jankowski
579,Kacper,Zieliński
580,Zoe,Kwiatkowski
581,Beata,Krychowiak
582,Agata,Szczęsny
583,Eryk,Gikiewicz
584,Robert,Peszko
585,Damian,Fabiański
586,Beata,Guardiola
587,Fabian,Mazur
588,Ludwik,Salomon
589,Aneta,Malinowski
590,Mariusz,Peszko
591,Iga,Sandomierski
592,Franciszek,Berg
593,Bartosz,Miodulski
594,Alek,Grosicki
595,Fabian,Krawczyk
596,Bartosz,Malinowski
597,Hubert,Miodulski
598,Cyprian,Nowak
599,Patrycja,Nowakowski
600,Kinga,Pawlak
601,Krzysztof,Peszko
602,Radosław,Olszewski
603,Ewelina,Boruc
604,John,Nowicki
605,Jan,Malinowski
606,Patryk,Kwiatkowski
607,Anita,Piotrowski
608,Dagmara,Miodulski
609,Ignacy,Walczak
610,Alek,Nowak
611,Robert,Nowak
612,Gabriela,Tomaszewski
613,Dariusz,Ostrowski
614,Cezary,Wieczorek
615,Agata,Pawlak
616,Alek,Miodulski
617,Dariusz,Wrona
618,Ola,Witkowski
619,Anna,Gikiewicz
620,Ewelina,Michniewicz
621,Tadeusz,Kowalski
622,Mariusz,Rutkowski
623,Cezary,Sandomierski
624,Bartosz,Kucharczyk
625,Zoe,Jaworski
626,Radosław,Baran
627,Magda,Kowalski
628,Cezary,Smith
629,Kacper,Majewski
630,Ignacy,Kwiatkowski
631,Adrian,Michalski
632,Dorota,Pietrzak
633,Martyna,Coman
634,Robert,Marciniak
635,Robert,Kaczmarek
636,Dominik,Sikora
637,Edyta,Wieczorek
638,Adam,Sandomierski
639,Franciszek,Nowicki
640,Damian,Nowakowski
641,Jacek,Malinowski
642,Emilia,Krywko
643,Bartosz,Kowalczyk
644,Roman,Krywko
645,Olaf,Kaczmarek
646,Szymon,Nowakowski
647,Anna,Zbrożyna
648,Magda,Walczak
649,Ignacy,Ostrowski
650,Karolina,Piotrowski
651,Gabriel,Adamczyk
652,Alek,Michalski
653,Robert,Michniewicz
654,Fabian,Pietrzak
655,Mariusz,Boruc
656,Marian,Kowalski
657,Zuzanna,Walczak
658,Fabian,Krywko
659,Kamil,Sandomierski
660,Zoe,Wrona
661,Paulina,Kosecki
662,Gabriel,Sandomierski
663,Olaf,Mazur
664,Szymon,Grosicki
665,Ludwik,Fabiański
666,Emilia,Michalski
667,Dariusz,Krychowiak
668,Cyprian,Pawlak
669,Urszula,Varnsdorf
670,Krystian,Miodulski
671,Wiktoria,Jankowski
672,Tadeusz,Witkowski
673,Karolina,Coman
674,Adrian,Wieczorek
675,Adrian,Kowalczyk
676,Stefan,Kaczmarek
677,Marian,Ostrowski
678,Mariusz,Walczak
679,Tadeusz,Nowak
680,Emilia,Szczęsny
681,Franciszek,Witkowski
682,Renata,Szczęsny
683,Bartosz,Sabat
684,Weronika,Kaczmarek
685,Emilia,Nowicki
686,Edyta,Berg
687,Ola,Piast
688,Bartosz,Michalak
689,Cyprian,Smith
690,Anita,Jankowski
691,Alek,Kosecki
692,Stefan,Coman
693,Zoe,Kowalski
694,Roman,Kaczmarek
695,John,Varnsdorf
696,Jan,Ferguson
697,Roman,Walczak
698,Adrian,Michalski
699,Borys,Kowalski
700,Zuzanna,Sikora
701,John,Kosecki
702,Beata,Nowakowski
703,Dagmara,Szczęsny
704,Ludwik,Tomaszewski
705,Wiktoria,Zbrożyna
706,Renata,Piotrowski
707,Ignacy,Sikora
708,Jan,Ostrowski
709,Adam,Varnsdorf
710,Bartosz,Walczak
711,Adam,Cionek
712,Piotr,Zbrożyna
713,Lidia,Kucharczyk
714,Ola,Zbrożyna
715,Martyna,Berg
716,Monika,Piast
717,Gabriela,Piotrowski
718,Magda,Boruc
719,Adrian,Majewski
720,Ewelina,Marciniak
721,Ryszard,Jaworski
722,Tadeusz,Wrona
723,Henryk,Sikora
724,Krzysztof,Varnsdorf
725,Dominik,Kowalski
726,Hubert,Pietrzak
727,Gabriel,Szczęsny
728,Zbigniew,Michalski
729,Alek,Krawczyk
730,Lidia,Ostrowski
731,Weronika,Witkowski
732,Bartosz,Ferguson
733,Arkadiusz,Szczęsny
734,Magda,Kowalski
735,Damian,Nowicki
736,Patryk,Salomon
737,Szymon,Adamczyk
738,Paulina,Piast
739,Krystian,Cionek
740,Karol,Michniewicz
741,Daniela,Salomon
742,Eryk,Boruc
743,Maciej,Jaworski
744,Anita,Smith
745,Adam,Adamczyk
746,Bartosz,Baran
747,Stefan,Miodulski
748,Fabian,Kucharczyk
749,Tadeusz,Pietrzak
750,Patryk,Coman
751,Hubert,Gikiewicz
752,Magda,Grosicki
753,Stefan,Michalak
754,Bartosz,Grosicki
755,Gabriela,Iwan
756,Zbigniew,Majewski
757,Karol,Sabat
758,Franciszek,Peszko
759,Jolanta,Kucharczyk
760,Beata,Olszewski
761,Emilia,Iwan
762,Ignacy,Sikora
763,Borys,Wrona
764,Adam,Nowak
765,Tadeusz,Krychowiak
766,Dorota,Varnsdorf
767,Adam,Olszewski
768,Paulina,Berg
769,Jan,Nowak
770,Celina,Kowalski
771,Magda,Nowakowski
772,Magda,Zbrożyna
773,Dagmara,Varnsdorf
774,Nikola,Iwan
775,Alek,Zbrożyna
776,Zbigniew,Grosicki
777,Borys,Sikora
778,Iga,Jankowski
779,Aneta,Smith
780,Jan,Salomon
781,Zoe,Nowicki
782,Eryk,Miodulski
783,Igor,Pawlak
784,Damian,Sabat
785,Henryk,Krawczyk
786,Adam,Zbrożyna
787,Gabriel,Piast
788,Magda,Pietrzak
789,Krzysztof,Olszewski
790,Urszula,Piotrowski
791,Tadeusz,Michalak
792,Krystian,Ostrowski
793,Radosław,Walczak
794,Igor,Kwiatkowski
795,Kamil,Wojciechowski
796,Fabian,Wieczorek
797,Beata,Smith
798,Ignacy,Gikiewicz
799,Ewelina,Jankowski
800,Mariusz,Malinowski
801,Barbara,Mazur
802,Fabian,Pawlak
803,Gabriel,Krywko
804,Klaudia,Guardiola
805,Borys,Lewandowski
806,Nikola,Wojciechowski
807,Gabriela,Varnsdorf
808,Ola,Fabiański
809,Zbigniew,Olszewski
810,Szymon,Kowalski
811,Radosław,Ronaldo
812,Marian,Salomon
813,Aneta,Majewski
814,Ignacy,Wojciechowski
815,Emilia,Ferguson
816,Ewelina,Olszewski
817,Weronika,Varnsdorf
818,Szymon,Zbrożyna
819,Daniel,Olszewski
820,Alek,Nowak
821,Wiktoria,Smith
822,Adrian,Nowakowski
823,Radosław,Olszewski
824,Olaf,Lewandowski
825,Tadeusz,Wojciechowski
826,Adam,Grosicki
827,Zuzanna,Salomon
828,Fabian,Baran
829,Damian,Wojciechowski
830,Hubert,Guardiola
831,Bartosz,Michniewicz
832,Gabriel,Coman
833,Szymon,Guardiola
834,Kacper,Zbrożyna
835,Igor,Malinowski
836,Tadeusz,Kosecki
837,Ignacy,Smith
838,Alicja,Jankowski
839,Aneta,Piast
840,Igor,Iwan
841,Emilia,Kaczmarek
842,Łukasz,Malinowski
843,Karolina,Nowicki
844,Szymon,Mazur
845,Zoe,Baran
846,Franciszek,Wrona
847,Stefan,Nowicki
848,Robert,Piotrowski
849,Patryk,Grosicki
850,Iga,Michalski
851,Martyna,Ronaldo
852,Daniel,Boruc
853,Jacek,Sikora
854,Martyna,Zbrożyna
855,Alicja,Michniewicz
856,Alek,Gikiewicz
857,Beata,Olszewski
858,Jacek,Miodulski
859,Aneta,Michalak
860,Franciszek,Majewski
861,Roman,Pawlak
862,Hubert,Sabat
863,Robert,Sadaj
864,Monika,Adamczyk
865,Radosław,Jankowski
866,Mariusz,Olszewski
867,Fabian,Mazur
868,Dariusz,Jaworski
869,Igor,Boruc
870,Jan,Kucharczyk
871,Iza,Malinowski
872,Dariusz,Wieczorek
873,Karol,Zbrożyna
874,Igor,Tomaszewski
875,Henryk,Lewandowski
876,Iza,Majewski
877,Alicja,Iwan
878,Arkadiusz,Wieczorek
879,Gabriel,Szczęsny
880,Monika,Smith
881,Olaf,Sabat
882,Urszula,Varnsdorf
883,Cezary,Piast
884,Roman,Smith
885,Ignacy,Piotrowski
886,Jan,Nowakowski
887,Damian,Kaczmarek
888,Ewelina,Walczak
889,Agata,Rutkowski
890,Ignacy,Sikora
891,Henryk,Salomon
892,Daniela,Kwiatkowski
893,Patryk,Jaworski
894,Anita,Krywko
895,Szymon,Kowalski
896,Cezary,Sandomierski
897,Daniela,Krywko
898,John,Kaczmarek
899,Olaf,Krywko
900,Jan,Kowalczyk
901,Anna,Nowicki
902,Borys,Sikora
903,Maciej,Boruc
904,Wiktoria,Kosecki
905,Ryszard,Wrona
906,Kacper,Marciniak
907,Krzysztof,Lewandowski
908,Stefan,Fabiański
909,Dorota,Olszewski
910,Zoe,Tomaszewski
911,Adrian,Cionek
912,Ludwik,Krawczyk
913,Eryk,Piast
914,Patrycja,Sikora
915,Martyna,Tomaszewski
916,Olaf,Iwan
917,Arkadiusz,Guardiola
918,Bartosz,Michniewicz
919,Mariusz,Krywko
920,Igor,Salomon
921,Fabian,Olszewski
922,Hubert,Lewandowski
923,Karol,Guardiola
924,Radosław,Ronaldo
925,Maciej,Szczęsny
926,Piotr,Olszewski
927,Anita,Kucharczyk
928,Igor,Jankowski
929,Zuzanna,Zbrożyna
930,John,Piast
931,Tadeusz,Peszko
932,Magda,Kucharczyk
933,Martyna,Nowak
934,Cezary,Kaczmarek
935,Magda,Kosecki
936,Radosław,Krychowiak
937,Krystian,Miodulski
938,Iza,Tomaszewski
939,Radosław,Wojciechowski
940,Borys,Jaworski
941,Fabian,Pietrzak
942,Igor,Miodulski
943,Fabian,Jankowski
944,Bartosz,Michniewicz
945,Jan,Salomon
946,Kacper,Cionek
947,Alek,Jankowski
948,Krzysztof,Boruc
949,Kinga,Coman
950,Daniel,Witkowski
951,Dariusz,Cionek
952,Wiktoria,Zieliński
953,Maciej,Guardiola
954,Monika,Sabat
955,Kinga,Kowalski
956,Daniel,Krawczyk
957,Karol,Nowakowski
958,Magda,Pawlak
959,Szymon,Krawczyk
960,Gabriel,Ferguson
961,Lidia,Mazur
962,Dariusz,Rutkowski
963,Anna,Pietrzak
964,Adam,Iwan
965,Magda,Wieczorek
966,Jacek,Witkowski
967,Ewelina,Krychowiak
968,Fabian,Witkowski
969,Olaf,Wieczorek
970,Łukasz,Mazur
971,Dorota,Ostrowski
972,Eryk,Kucharczyk
973,Ewelina,Michalak
974,Krystian,Marciniak
975,Łukasz,Smith
976,Dominik,Witkowski
977,Urszula,Cionek
978,Ignacy,Kwiatkowski
979,Anna,Piast
980,Emilia,Michalak
981,Olaf,Zieliński
982,Zbigniew,Mazur
983,Adrian,Varnsdorf
984,Marian,Pietrzak
985,Bartosz,Smith
986,Dagmara,Berg
987,Maciej,Coman
988,Kacper,Zbrożyna
989,Damian,Wrona
990,Patryk,Majewski
991,Iga,Rutkowski
992,Gabriel,Michniewicz
993,Stefan,Peszko
994,Olaf,Rutkowski
995,Jacek,Sabat
996,Dorota,Iwan
997,Robert,Nowak
998,Beata,Miodulski
999,Franciszek,Krywko
1000,Zoe,Witkowski
